"MILENIO DIARIO , S.A. DE C.V."
"""AUDITORIO INTEGRALS.A.DE C.V."""
"MULTIMEDIOS, SA. DE CV."
"PUBLIMAX, S.A. DE C.V."
"""EDITORIAL MONTERREYS.A."""
"""MILENIO DIARIO  S.A. DE C.V."""
ELIZONDO ALVARADO OSCAR
"""MULTIMEDIOS SA. DE CV."""
"RADIO MEXICO NUEVO LEON, S.A. DE C.V."
"""TV DE LOS MOCHISS.A.DE C.V."""
"AVADA STUDIO, S.A. DE C.V."
"TV DE LOS MOCHIS,S.A.DE C.V."
RODRIGUEZ BALDERAS ADRIANA
"""AVADA STUDIO S.A. DE C.V."""
"""CO MARCA IMPRESAS.A.DE C.V."""
"AUDITORIO INTEGRAL,S.A.DE C.V."
"""PUBLIMAX S.A. DE C.V."""
"EDITORIAL MONTERREY,S.A."
"CO MARCA IMPRESA,S.A.DE C.V."
FLORES MARROQUIN ANTONIO JOEL
"""RADIO MEXICO NUEVO LEON S.A. DE C.V."""
